00A29F,00A29F,00A29F,00A29F,00A29F,00A29F,00A29F,00A29F,00A29F,00A29F,00A29F,00A29F,00A29F,00A29F,00A29F,00A29F,00A29F,00A29F,00A29F,00A29F,00A29F,009FE0,82ADD8,595D60,50372F,82422A,82422A,82422A,82422A,50372F,50372F,82422A,82422A,B35408,B35408,B35408,B35408,FF7E14,FF7E14,FF7E14,FF7E14,E79E1D,E3A05B,E3A05B,B89869,B89869,82422A,82422A
00A29F,00A29F,00A29F,00A29F,00A29F,00A29F,00A29F,00A29F,00A29F,00A29F,00A29F,00A29F,00A29F,00A29F,00A29F,00A29F,00A29F,00A29F,00A29F,00A29F,00A29F,009FE0,00A29F,50372F,50372F,82422A,82422A,82422A,82422A,82422A,82422A,B35408,B35408,82422A,82422A,B35408,B35408,B35408,B35408,FF7E14,E3A05B,E79E1D,B35408,E3A05B,E3A05B,B89869,B89869,82422A
00A29F,00A29F,00A29F,00A29F,00A29F,00A29F,00A29F,00A29F,00A29F,00A29F,00A29F,00A29F,00A29F,00A29F,00A29F,00A29F,00A29F,00A29F,00A29F,00A29F,00A29F,009FE0,595D60,50372F,50372F,50372F,50372F,595D60,82422A,82422A,82422A,82422A,82422A,B35408,B35408,B35408,B35408,E3A05B,A2BFA3,E3A05B,FF8172,FF8172,E3A05B,E3A05B,E3A05B,E3A05B,B89869,B89869
00A29F,00A29F,00A29F,00A29F,00A29F,00A29F,00A29F,00A29F,00A29F,00A29F,00A29F,00A29F,00A29F,00A29F,00A29F,00A29F,00A29F,00A29F,00A29F,00A29F,009FE0,00A29F,50372F,50372F,82422A,50372F,50372F,50372F,82422A,82422A,82422A,82422A,82422A,82422A,82422A,82422A,B89869,A2BFA3,A2BFA3,EED9A4,FECCB0,B89869,B89869,B89869,EED9A4,EED9A4,EED9A4,B89869
00A29F,009FE0,00A29F,00A29F,00A29F,00A29F,00A29F,00A29F,00A29F,00A29F,00A29F,00A29F,00A29F,00A29F,00A29F,00A29F,00A29F,00A29F,00A29F,00A29F,00A29F,00A29F,50372F,82422A,82422A,82422A,82422A,82422A,595D60,595D60,82422A,82422A,82422A,82422A,82422A,B89869,B89869,A2BFA3,CFEFEA,CFEFEA,AFB5C7,2E5543,212121,595D60,595D60,A2BFA3,CFEFEA,B89869
00A29F,009FE0,00A29F,00A29F,009FE0,009FE0,00A29F,009FE0,009FE0,00A29F,00A29F,00A29F,00A29F,00A29F,00A29F,00A29F,00A29F,00A29F,00A29F,00A29F,00A29F,00A29F,50372F,82422A,82422A,82422A,82422A,82422A,50372F,50372F,82422A,B35408,82422A,82422A,B89869,82422A,50372F,595D60,A2BFA3,595D60,212121,2E5543,50372F,212121,212121,AFB5C7,CFEFEA,A2BFA3
00A29F,009FE0,009FE0,009FE0,009FE0,00A29F,009FE0,009FE0,009FE0,009FE0,009FE0,009FE0,00A29F,00A29F,00A29F,00A29F,00A29F,00A29F,00A29F,00A29F,00A29F,00A29F,50372F,82422A,82422A,82422A,82422A,595D60,595D60,595D60,82422A,B35408,82422A,82422A,B89869,B89869,B89869,B89869,595D60,A2BFA3,595D60,212121,50372F,212121,212121,595D60,595D60,595D60
009FE0,009FE0,009FE0,009FE0,009FE0,00A29F,00A29F,009FE0,009FE0,009FE0,009FE0,00A29F,00A29F,00A29F,00A29F,00A29F,00A29F,00A29F,00A29F,00A29F,00A29F,00A29F,595D60,82422A,82422A,50372F,595D60,595D60,595D60,B89869,82422A,B35408,B35408,82422A,82422A,B89869,595D60,595D60,B89869,B89869,B89869,595D60,243757,2E5543,595D60,595D60,50372F,82422A
009FE0,00A29F,009FE0,009FE0,009FE0,009FE0,009FE0,00A29F,00A29F,00A29F,00A29F,00A29F,00A29F,00A29F,00A29F,00A29F,009FE0,00A29F,00A29F,00A29F,00A29F,009FE0,2E5543,50372F,595D60,595D60,0057A6,595D60,595D60,595D60,50372F,82422A,82422A,82422A,82422A,82422A,B89869,595D60,B89869,595D60,595D60,595D60,595D60,595D60,595D60,595D60,595D60,B89869
009FE0,009FE0,009FE0,009FE0,009FE0,009FE0,009FE0,00A29F,00A29F,00A29F,00A29F,00A29F,00A29F,00A29F,009FE0,009FE0,009FE0,009FE0,00A29F,00A29F,00A29F,00A29F,009FE0,00A29F,82ADD8,0057A6,0057A6,595D60,2E5543,595D60,50372F,82422A,82422A,82422A,82422A,82422A,B89869,B89869,B89869,B89869,595D60,595D60,595D60,595D60,595D60,B89869,82422A,B89869
00A29F,009FE0,009FE0,009FE0,009FE0,009FE0,009FE0,00A29F,00A29F,00A29F,00A29F,00A29F,00A29F,009FE0,009FE0,009FE0,009FE0,009FE0,009FE0,00A29F,00A29F,00A29F,00A29F,009FE0,00A29F,00A29F,0057A6,2E5543,2E5543,595D60,50372F,82422A,82422A,82422A,82422A,B89869,B89869,82422A,B89869,82422A,B89869,595D60,2E5543,595D60,B89869,B89869,B89869,B89869
00A29F,00A29F,009FE0,009FE0,009FE0,009FE0,009FE0,00A29F,00A29F,009FE0,00A29F,00A29F,009FE0,009FE0,009FE0,009FE0,009FE0,009FE0,00A29F,00A29F,00A29F,00A29F,00A29F,009FE0,00A29F,00A29F,0057A6,595D60,2E5543,595D60,50372F,82422A,82422A,82422A,82422A,B89869,82422A,B89869,B89869,595D60,B89869,595D60,595D60,B89869,B89869,B89869,B89869,B89869
00A29F,00A29F,009FE0,009FE0,009FE0,009FE0,009FE0,00A29F,00A29F,00A29F,00A29F,009FE0,009FE0,009FE0,009FE0,009FE0,009FE0,009FE0,009FE0,00A29F,00A29F,00A29F,00A29F,009FE0,00A29F,0057A6,00A29F,595D60,595D60,595D60,50372F,82422A,82422A,82422A,ABA953,B89869,B89869,B89869,B89869,B89869,B89869,B89869,B89869,B89869,B89869,B89869,B89869,E3A05B
00A29F,00A29F,009FE0,009FE0,009FE0,009FE0,009FE0,00A29F,00A29F,00A29F,009FE0,009FE0,009FE0,009FE0,009FE0,009FE0,009FE0,009FE0,009FE0,00A29F,00A29F,00A29F,00A29F,009FE0,009FE0,0057A6,595D60,595D60,595D60,595D60,82422A,82422A,82422A,82422A,595D60,ABA953,B89869,82422A,B89869,B89869,E3A05B,E3A05B,E3A05B,E3A05B,B89869,B89869,B89869,B89869
00A29F,6ACEE0,009FE0,009FE0,009FE0,009FE0,009FE0,00A29F,00A29F,009FE0,009FE0,009FE0,009FE0,009FE0,009FE0,009FE0,009FE0,009FE0,009FE0,00A29F,00A29F,00A29F,00A29F,009FE0,00A29F,0057A6,00A29F,2E5543,595D60,595D60,82422A,82422A,82422A,82422A,ABA953,ABA953,B89869,B89869,B89869,B89869,B89869,B89869,B89869,E3A05B,B89869,B89869,B89869,B89869
6ACEE0,6ACEE0,6ACEE0,009FE0,009FE0,009FE0,009FE0,009FE0,00A29F,009FE0,009FE0,009FE0,009FE0,009FE0,009FE0,009FE0,009FE0,009FE0,009FE0,00A29F,00A29F,00A29F,00A29F,00A29F,00A29F,00A29F,0057A6,0057A6,00A29F,595D60,82422A,82422A,82422A,82422A,B89869,ABA953,B89869,B89869,E3A05B,E3A05B,E3A05B,B89869,B89869,E3A05B,B89869,B89869,B89869,B89869
6ACEE0,6ACEE0,6ACEE0,6ACEE0,009FE0,6ACEE0,6ACEE0,6ACEE0,009FE0,009FE0,009FE0,009FE0,009FE0,009FE0,009FE0,009FE0,009FE0,009FE0,009FE0,00A29F,00A29F,00A29F,00A29F,00A29F,A2BFA3,00A29F,00A29F,0057A6,595D60,595D60,82422A,82422A,82422A,B35408,B89869,B89869,B89869,B89869,B89869,B89869,E3A05B,B89869,E3A05B,E3A05B,B89869,B89869,B89869,EED9A4
6ACEE0,6ACEE0,6ACEE0,6ACEE0,6ACEE0,6ACEE0,6ACEE0,009FE0,009FE0,6ACEE0,009FE0,009FE0,009FE0,009FE0,009FE0,009FE0,009FE0,009FE0,009FE0,009FE0,00A29F,00A29F,00A29F,00A29F,82ADD8,595D60,00A29F,00A29F,0057A6,595D60,595D60,50372F,82422A,82422A,B89869,B89869,B89869,B89869,B89869,B89869,B89869,B89869,B89869,B89869,B89869,EED9A4,EED9A4,EED9A4
6ACEE0,6ACEE0,6ACEE0,6ACEE0,6ACEE0,6ACEE0,6ACEE0,6ACEE0,6ACEE0,6ACEE0,009FE0,009FE0,009FE0,009FE0,009FE0,009FE0,009FE0,009FE0,009FE0,009FE0,00A29F,00A29F,00A29F,00A29F,A2BFA3,595D60,0057A6,00A29F,0057A6,595D60,595D60,50372F,82422A,6A0E15,595D60,595D60,B89869,B89869,B89869,B89869,B89869,B89869,B89869,B89869,B89869,B89869,EED9A4,B89869
6ACEE0,6ACEE0,6ACEE0,6ACEE0,6ACEE0,6ACEE0,6ACEE0,6ACEE0,6ACEE0,6ACEE0,6ACEE0,009FE0,009FE0,009FE0,009FE0,009FE0,009FE0,009FE0,009FE0,009FE0,009FE0,00A29F,00A29F,00A29F,82ADD8,A2BFA3,595D60,0057A6,243757,595D60,595D60,82422A,82422A,82422A,B89869,B89869,B89869,B89869,B89869,B89869,B89869,E3A05B,E3A05B,B89869,B89869,B89869,EED9A4,EED9A4
6ACEE0,6ACEE0,6ACEE0,6ACEE0,6ACEE0,6ACEE0,6ACEE0,6ACEE0,6ACEE0,6ACEE0,6ACEE0,009FE0,6ACEE0,6ACEE0,009FE0,009FE0,009FE0,009FE0,009FE0,009FE0,009FE0,00A29F,00A29F,00A29F,6ACEE0,595D60,00A29F,0057A6,0057A6,595D60,82422A,82422A,82422A,82422A,B89869,B89869,B89869,B89869,B89869,B89869,B89869,B89869,E3A05B,B89869,E3A05B,B89869,EED9A4,B89869
6ACEE0,6ACEE0,6ACEE0,6ACEE0,6ACEE0,6ACEE0,6ACEE0,6ACEE0,6ACEE0,6ACEE0,6ACEE0,6ACEE0,6ACEE0,6ACEE0,009FE0,009FE0,009FE0,009FE0,009FE0,009FE0,6ACEE0,6ACEE0,6ACEE0,00A29F,6ACEE0,00A29F,00A29F,00A29F,00A29F,595D60,82422A,82422A,82422A,82422A,B89869,B89869,B89869,B89869,B89869,B89869,B89869,B89869,E3A05B,B89869,EED9A4,B89869,B89869,B89869
6ACEE0,6ACEE0,6ACEE0,6ACEE0,6ACEE0,6ACEE0,6ACEE0,6ACEE0,6ACEE0,6ACEE0,6ACEE0,6ACEE0,6ACEE0,009FE0,6ACEE0,009FE0,009FE0,009FE0,009FE0,6ACEE0,6ACEE0,6ACEE0,6ACEE0,82ADD8,82ADD8,00A29F,00A29F,00A29F,00A29F,595D60,50372F,82422A,82422A,82422A,B89869,B89869,B89869,B89869,B89869,B89869,B89869,B89869,E3A05B,B89869,B89869,B89869,B89869,EED9A4
6ACEE0,6ACEE0,6ACEE0,6ACEE0,6ACEE0,6ACEE0,6ACEE0,6ACEE0,6ACEE0,6ACEE0,6ACEE0,6ACEE0,6ACEE0,6ACEE0,009FE0,009FE0,009FE0,6ACEE0,009FE0,6ACEE0,6ACEE0,6ACEE0,82ADD8,82ADD8,82ADD8,00A29F,00A29F,00A29F,00A29F,00A29F,595D60,82422A,B35408,82422A,82422A,B89869,B89869,B89869,B89869,B89869,B89869,B89869,B89869,B89869,B89869,B89869,B89869,E3A05B
6ACEE0,6ACEE0,6ACEE0,6ACEE0,6ACEE0,6ACEE0,6ACEE0,6ACEE0,6ACEE0,6ACEE0,6ACEE0,6ACEE0,6ACEE0,6ACEE0,6ACEE0,6ACEE0,6ACEE0,6ACEE0,6ACEE0,6ACEE0,6ACEE0,6ACEE0,82ADD8,82ADD8,82ADD8,82ADD8,00A29F,00A29F,00A29F,00A29F,595D60,82422A,B35408,82422A,82422A,B89869,B89869,B89869,B89869,B89869,B89869,B89869,B89869,B89869,B89869,B89869,B89869,E3A05B
6ACEE0,6ACEE0,6ACEE0,6ACEE0,6ACEE0,6ACEE0,6ACEE0,6ACEE0,6ACEE0,6ACEE0,6ACEE0,6ACEE0,6ACEE0,6ACEE0,6ACEE0,6ACEE0,6ACEE0,6ACEE0,6ACEE0,6ACEE0,6ACEE0,6ACEE0,82ADD8,82ADD8,82ADD8,82ADD8,82ADD8,00A29F,0057A6,0057A6,595D60,595D60,82422A,6A0E15,82422A,B89869,B89869,B89869,B89869,B89869,B89869,B89869,B89869,B89869,B89869,B89869,B89869,E3A05B
6ACEE0,6ACEE0,6ACEE0,6ACEE0,6ACEE0,6ACEE0,6ACEE0,6ACEE0,6ACEE0,6ACEE0,6ACEE0,6ACEE0,6ACEE0,6ACEE0,6ACEE0,6ACEE0,6ACEE0,6ACEE0,6ACEE0,6ACEE0,6ACEE0,6ACEE0,82ADD8,82ADD8,82ADD8,82ADD8,82ADD8,82ADD8,00A29F,0057A6,243757,595D60,595D60,82422A,82422A,B89869,B89869,B89869,B89869,B89869,B89869,B89869,B89869,B89869,B89869,B89869,B89869,E3A05B
6ACEE0,6ACEE0,6ACEE0,6ACEE0,6ACEE0,6ACEE0,6ACEE0,6ACEE0,6ACEE0,6ACEE0,6ACEE0,6ACEE0,6ACEE0,6ACEE0,6ACEE0,6ACEE0,6ACEE0,6ACEE0,6ACEE0,6ACEE0,6ACEE0,6ACEE0,82ADD8,82ADD8,82ADD8,82ADD8,82ADD8,82ADD8,6ACEE0,595D60,243757,243757,595D60,82422A,82422A,B89869,82422A,B89869,B89869,B89869,B89869,B89869,B89869,B89869,B89869,B89869,B89869,B89869
6ACEE0,6ACEE0,6ACEE0,6ACEE0,6ACEE0,6ACEE0,6ACEE0,6ACEE0,6ACEE0,6ACEE0,6ACEE0,6ACEE0,6ACEE0,6ACEE0,6ACEE0,6ACEE0,6ACEE0,6ACEE0,6ACEE0,6ACEE0,6ACEE0,82ADD8,82ADD8,82ADD8,82ADD8,82ADD8,82ADD8,A2BFA3,82ADD8,6ACEE0,595D60,243757,595D60,595D60,82422A,82422A,82422A,B89869,B89869,B89869,B89869,B89869,B89869,E3A05B,B89869,B89869,B89869,B89869
6ACEE0,6ACEE0,6ACEE0,6ACEE0,6ACEE0,6ACEE0,6ACEE0,6ACEE0,6ACEE0,6ACEE0,6ACEE0,6ACEE0,6ACEE0,6ACEE0,6ACEE0,6ACEE0,6ACEE0,6ACEE0,6ACEE0,6ACEE0,6ACEE0,82ADD8,82ADD8,82ADD8,82ADD8,82ADD8,82ADD8,A2BFA3,A2BFA3,82ADD8,BCD1ED,A2BFA3,2E5543,595D60,B89869,82422A,595D60,595D60,B89869,B89869,B89869,B89869,B89869,B89869,B89869,B89869,B89869,B89869
6ACEE0,6ACEE0,6ACEE0,6ACEE0,6ACEE0,6ACEE0,6ACEE0,6ACEE0,6ACEE0,6ACEE0,6ACEE0,6ACEE0,6ACEE0,6ACEE0,6ACEE0,6ACEE0,6ACEE0,6ACEE0,6ACEE0,6ACEE0,6ACEE0,6ACEE0,82ADD8,82ADD8,82ADD8,82ADD8,82ADD8,A2BFA3,A2BFA3,A2BFA3,82ADD8,BCD1ED,A2BFA3,A2BFA3,EED9A4,595D60,00A29F,595D60,B89869,B89869,B89869,B89869,B89869,E3A05B,E3A05B,B89869,B89869,B89869
6ACEE0,6ACEE0,6ACEE0,6ACEE0,6ACEE0,6ACEE0,6ACEE0,6ACEE0,6ACEE0,6ACEE0,6ACEE0,6ACEE0,6ACEE0,6ACEE0,6ACEE0,6ACEE0,6ACEE0,6ACEE0,6ACEE0,6ACEE0,6ACEE0,6ACEE0,82ADD8,82ADD8,82ADD8,82ADD8,82ADD8,AFB5C7,A2BFA3,AFB5C7,AFB5C7,82ADD8,CFEFEA,CFEFEA,82ADD8,00A29F,00A29F,00A29F,595D60,B89869,B89869,B89869,B89869,E3A05B,E3A05B,E3A05B,B89869,B89869
6ACEE0,6ACEE0,6ACEE0,6ACEE0,6ACEE0,6ACEE0,6ACEE0,6ACEE0,6ACEE0,6ACEE0,6ACEE0,6ACEE0,6ACEE0,6ACEE0,6ACEE0,6ACEE0,6ACEE0,6ACEE0,6ACEE0,6ACEE0,6ACEE0,6ACEE0,6ACEE0,82ADD8,82ADD8,82ADD8,82ADD8,82ADD8,A2BFA3,A2BFA3,A2BFA3,AFB5C7,BCD1ED,BCD1ED,00A29F,00A29F,00A29F,00A29F,00A29F,B89869,B89869,B89869,B89869,B89869,E3A05B,B89869,B89869,B89869
82ADD8,6ACEE0,6ACEE0,6ACEE0,6ACEE0,6ACEE0,6ACEE0,6ACEE0,6ACEE0,6ACEE0,6ACEE0,6ACEE0,6ACEE0,6ACEE0,6ACEE0,6ACEE0,6ACEE0,6ACEE0,6ACEE0,6ACEE0,6ACEE0,6ACEE0,6ACEE0,6ACEE0,6ACEE0,82ADD8,82ADD8,82ADD8,82ADD8,AFB5C7,A2BFA3,A2BFA3,A2BFA3,AFB5C7,6ACEE0,00A29F,00A29F,00A29F,00A29F,B89869,B89869,B89869,B89869,B89869,B89869,B89869,B89869,B89869
6ACEE0,6ACEE0,6ACEE0,6ACEE0,6ACEE0,6ACEE0,6ACEE0,6ACEE0,6ACEE0,6ACEE0,6ACEE0,6ACEE0,6ACEE0,6ACEE0,6ACEE0,6ACEE0,6ACEE0,6ACEE0,6ACEE0,6ACEE0,6ACEE0,6ACEE0,6ACEE0,6ACEE0,6ACEE0,82ADD8,82ADD8,82ADD8,82ADD8,82ADD8,AFB5C7,AFB5C7,AFB5C7,82ADD8,82ADD8,6ACEE0,82ADD8,00A29F,A2BFA3,B89869,B89869,B89869,B89869,B89869,B89869,B89869,B89869,B89869
82ADD8,6ACEE0,6ACEE0,6ACEE0,6ACEE0,6ACEE0,6ACEE0,6ACEE0,6ACEE0,6ACEE0,6ACEE0,6ACEE0,6ACEE0,6ACEE0,6ACEE0,6ACEE0,6ACEE0,6ACEE0,6ACEE0,6ACEE0,6ACEE0,6ACEE0,6ACEE0,6ACEE0,6ACEE0,6ACEE0,6ACEE0,82ADD8,82ADD8,82ADD8,82ADD8,82ADD8,AFB5C7,AFB5C7,82ADD8,82ADD8,AFB5C7,AFB5C7,AFB5C7,A2BFA3,B89869,B89869,B89869,B89869,B89869,B89869,B89869,B89869
82ADD8,82ADD8,82ADD8,6ACEE0,6ACEE0,6ACEE0,6ACEE0,6ACEE0,6ACEE0,6ACEE0,6ACEE0,6ACEE0,6ACEE0,6ACEE0,6ACEE0,6ACEE0,6ACEE0,6ACEE0,6ACEE0,6ACEE0,6ACEE0,6ACEE0,6ACEE0,6ACEE0,6ACEE0,6ACEE0,6ACEE0,6ACEE0,82ADD8,82ADD8,82ADD8,82ADD8,82ADD8,AFB5C7,AFB5C7,82ADD8,82ADD8,AFB5C7,AFB5C7,A2BFA3,B89869,B89869,B89869,B89869,B89869,B89869,B89869,B89869
82ADD8,82ADD8,82ADD8,82ADD8,6ACEE0,6ACEE0,6ACEE0,6ACEE0,6ACEE0,6ACEE0,6ACEE0,6ACEE0,6ACEE0,6ACEE0,6ACEE0,6ACEE0,6ACEE0,6ACEE0,6ACEE0,6ACEE0,6ACEE0,6ACEE0,6ACEE0,6ACEE0,6ACEE0,6ACEE0,6ACEE0,6ACEE0,6ACEE0,82ADD8,82ADD8,82ADD8,82ADD8,82ADD8,82ADD8,82ADD8,82ADD8,A2BFA3,A2BFA3,82ADD8,82ADD8,A2BFA3,A2BFA3,B89869,B89869,B89869,B89869,B89869
82ADD8,82ADD8,82ADD8,82ADD8,82ADD8,6ACEE0,6ACEE0,6ACEE0,6ACEE0,6ACEE0,6ACEE0,6ACEE0,6ACEE0,6ACEE0,6ACEE0,6ACEE0,6ACEE0,6ACEE0,6ACEE0,6ACEE0,6ACEE0,6ACEE0,6ACEE0,6ACEE0,6ACEE0,6ACEE0,6ACEE0,6ACEE0,6ACEE0,6ACEE0,82ADD8,82ADD8,82ADD8,82ADD8,82ADD8,82ADD8,82ADD8,82ADD8,82ADD8,82ADD8,82ADD8,82ADD8,82ADD8,82ADD8,A2BFA3,B89869,B89869,B89869
82ADD8,82ADD8,82ADD8,82ADD8,82ADD8,6ACEE0,6ACEE0,6ACEE0,6ACEE0,6ACEE0,6ACEE0,6ACEE0,6ACEE0,6ACEE0,6ACEE0,6ACEE0,6ACEE0,6ACEE0,6ACEE0,6ACEE0,6ACEE0,6ACEE0,6ACEE0,6ACEE0,6ACEE0,6ACEE0,6ACEE0,6ACEE0,6ACEE0,6ACEE0,6ACEE0,6ACEE0,6ACEE0,82ADD8,82ADD8,82ADD8,82ADD8,82ADD8,6ACEE0,82ADD8,AFB5C7,82ADD8,6ACEE0,6ACEE0,82ADD8,A2BFA3,B89869,B89869
A2BFA3,82ADD8,82ADD8,82ADD8,82ADD8,82ADD8,6ACEE0,6ACEE0,6ACEE0,6ACEE0,6ACEE0,6ACEE0,6ACEE0,6ACEE0,6ACEE0,6ACEE0,6ACEE0,6ACEE0,6ACEE0,6ACEE0,6ACEE0,6ACEE0,6ACEE0,6ACEE0,6ACEE0,6ACEE0,6ACEE0,6ACEE0,6ACEE0,6ACEE0,6ACEE0,6ACEE0,6ACEE0,6ACEE0,6ACEE0,6ACEE0,6ACEE0,6ACEE0,6ACEE0,6ACEE0,82ADD8,82ADD8,82ADD8,82ADD8,82ADD8,6ACEE0,82ADD8,A2BFA3
A2BFA3,82ADD8,82ADD8,82ADD8,82ADD8,6ACEE0,6ACEE0,6ACEE0,6ACEE0,6ACEE0,6ACEE0,6ACEE0,6ACEE0,6ACEE0,6ACEE0,6ACEE0,6ACEE0,6ACEE0,6ACEE0,6ACEE0,6ACEE0,6ACEE0,6ACEE0,6ACEE0,6ACEE0,6ACEE0,6ACEE0,6ACEE0,6ACEE0,6ACEE0,6ACEE0,6ACEE0,6ACEE0,6ACEE0,6ACEE0,6ACEE0,6ACEE0,6ACEE0,6ACEE0,6ACEE0,6ACEE0,6ACEE0,6ACEE0,82ADD8,82ADD8,6ACEE0,6ACEE0,6ACEE0
A2BFA3,A2BFA3,82ADD8,82ADD8,82ADD8,6ACEE0,6ACEE0,6ACEE0,6ACEE0,6ACEE0,6ACEE0,6ACEE0,6ACEE0,6ACEE0,6ACEE0,6ACEE0,6ACEE0,6ACEE0,6ACEE0,6ACEE0,6ACEE0,6ACEE0,6ACEE0,6ACEE0,6ACEE0,6ACEE0,6ACEE0,6ACEE0,6ACEE0,6ACEE0,6ACEE0,6ACEE0,6ACEE0,6ACEE0,6ACEE0,6ACEE0,6ACEE0,6ACEE0,6ACEE0,6ACEE0,6ACEE0,6ACEE0,6ACEE0,6ACEE0,6ACEE0,6ACEE0,6ACEE0,6ACEE0
A2BFA3,A2BFA3,82ADD8,82ADD8,82ADD8,82ADD8,6ACEE0,6ACEE0,6ACEE0,6ACEE0,6ACEE0,6ACEE0,6ACEE0,6ACEE0,6ACEE0,6ACEE0,6ACEE0,6ACEE0,6ACEE0,6ACEE0,6ACEE0,6ACEE0,6ACEE0,6ACEE0,6ACEE0,6ACEE0,6ACEE0,6ACEE0,6ACEE0,6ACEE0,6ACEE0,6ACEE0,6ACEE0,6ACEE0,6ACEE0,6ACEE0,6ACEE0,6ACEE0,6ACEE0,6ACEE0,6ACEE0,6ACEE0,6ACEE0,6ACEE0,6ACEE0,6ACEE0,6ACEE0,6ACEE0
A2BFA3,A2BFA3,82ADD8,82ADD8,82ADD8,82ADD8,6ACEE0,6ACEE0,6ACEE0,6ACEE0,6ACEE0,6ACEE0,6ACEE0,6ACEE0,6ACEE0,6ACEE0,6ACEE0,6ACEE0,6ACEE0,6ACEE0,6ACEE0,6ACEE0,6ACEE0,6ACEE0,6ACEE0,6ACEE0,6ACEE0,6ACEE0,6ACEE0,6ACEE0,6ACEE0,6ACEE0,6ACEE0,6ACEE0,6ACEE0,6ACEE0,6ACEE0,6ACEE0,6ACEE0,6ACEE0,6ACEE0,6ACEE0,6ACEE0,6ACEE0,6ACEE0,6ACEE0,6ACEE0,6ACEE0
A2BFA3,A2BFA3,82ADD8,82ADD8,82ADD8,6ACEE0,6ACEE0,6ACEE0,6ACEE0,6ACEE0,6ACEE0,6ACEE0,6ACEE0,6ACEE0,6ACEE0,6ACEE0,6ACEE0,6ACEE0,6ACEE0,6ACEE0,6ACEE0,6ACEE0,6ACEE0,6ACEE0,6ACEE0,6ACEE0,6ACEE0,6ACEE0,6ACEE0,6ACEE0,6ACEE0,6ACEE0,6ACEE0,6ACEE0,6ACEE0,6ACEE0,6ACEE0,6ACEE0,6ACEE0,6ACEE0,6ACEE0,6ACEE0,6ACEE0,6ACEE0,6ACEE0,6ACEE0,6ACEE0,6ACEE0
A2BFA3,A2BFA3,82ADD8,82ADD8,82ADD8,82ADD8,6ACEE0,6ACEE0,6ACEE0,6ACEE0,6ACEE0,6ACEE0,6ACEE0,6ACEE0,6ACEE0,6ACEE0,6ACEE0,6ACEE0,6ACEE0,6ACEE0,6ACEE0,6ACEE0,6ACEE0,6ACEE0,6ACEE0,6ACEE0,6ACEE0,6ACEE0,6ACEE0,6ACEE0,6ACEE0,6ACEE0,6ACEE0,6ACEE0,6ACEE0,6ACEE0,6ACEE0,6ACEE0,6ACEE0,6ACEE0,82ADD8,82ADD8,6ACEE0,6ACEE0,82ADD8,82ADD8,82ADD8,82ADD8
A2BFA3,A2BFA3,82ADD8,82ADD8,82ADD8,6ACEE0,6ACEE0,6ACEE0,6ACEE0,6ACEE0,6ACEE0,6ACEE0,6ACEE0,6ACEE0,6ACEE0,6ACEE0,6ACEE0,6ACEE0,6ACEE0,6ACEE0,6ACEE0,6ACEE0,6ACEE0,6ACEE0,6ACEE0,6ACEE0,6ACEE0,6ACEE0,6ACEE0,6ACEE0,6ACEE0,6ACEE0,6ACEE0,6ACEE0,6ACEE0,6ACEE0,6ACEE0,6ACEE0,6ACEE0,6ACEE0,6ACEE0,82ADD8,82ADD8,82ADD8,82ADD8,82ADD8,82ADD8,82ADD8